{"positions_norm": {"0": {"x": 0.33836286552886186, "y": 0.994792023572946}, "63": {"x": 0.385389716273508, "y": 0.7177413828547935}, "1": {"x": 0.4884009131427329, "y": 0.594230110326869}, "93": {"x": 0.2716273507989999, "y": 0.5069142739669705}, "2": {"x": 0.32976410479399937, "y": 0.4821010073322826}, "4": {"x": 0.5031959995651701, "y": 0.5440622216131022}, "5": {"x": 0.422872051309925, "y": 0.44871513739464125}, "8": {"x": 0.514713555821285, "y": 0.3989309943123415}, "9": {"x": 0.5384824437438852, "y": 0.34531624751593226}, "11": {"x": 0.5527774758125883, "y": 0.4016377715342973}, "12": {"x": 0.5483748233503642, "y": 0.6483245391626122}, "13": {"x": 0.3758995542993804, "y": 0.6425546494894813}, "18": {"x": 0.5931623002500271, "y": 0.41735763722332625}, "19": {"x": 0.37806283291662135, "y": 0.46021380113753174}, "20": {"x": 0.464610283726492, "y": 0.5442198314260261}, "22": {"x": 0.3237688879226003, "y": 0.5473720276845063}, "23": {"x": 0.5662572018697685, "y": 0.5884670732543}, "26": {"x": 0.47698662898141103, "y": 0.39831426026176936}, "29": {"x": 0.4965702793781933, "y": 0.4493729870485849}, "31": {"x": 0.45414718991194697, "y": 0.34119783457822245}, "32": {"x": 0.5828894445048376, "y": 0.5336942369629275}, "36": {"x": 0.3729318404174367, "y": 0.5737888028506819}, "37": {"x": 0.5414718991194696, "y": 0.5428493113136436}, "40": {"x": 0.5305467985650615, "y": 0.4499623106969095}, "47": {"x": 0.42128492227416026, "y": 0.5442952100322073}, "50": {"x": 0.20720730514186328, "y": 0.5300280956623039}, "52": {"x": 0.47556799652136106, "y": 0.2752141437675598}, "55": {"x": 0.505000543537341, "y": 0.7971630233673679}, "60": {"x": 0.5072616588759647, "y": 0.6507435071609676}, "66": {"x": 0.6389824980976193, "y": 0.6447200712670459}, "68": {"x": 0.4079139036851832, "y": 0.34268484890015766}, "69": {"x": 0.497021415371236, "y": 0.3414924964023847}, "71": {"x": 0.7132296988803131, "y": 0.5692455286781334}, "81": {"x": 0.39116751820850093, "y": 0.4044816007674913}, "89": {"x": 0.48312860093488424, "y": 0.7194545329952718}, "108": {"x": 0.44835308185672357, "y": 0.49790310422805456}, "133": {"x": 0.5968583541689314, "y": 0.8443774412389502}, "3": {"x": 0.4291227307316013, "y": 0.27141095045569796}, "44": {"x": 0.526312642678552, "y": 0.5932296306448298}, "64": {"x": 0.38213392760082615, "y": 0.003962173644898239}, "65": {"x": 0.46658332427437765, "y": 0.6522305214829027}, "70": {"x": 0.31139254266768124, "y": 0.26964983211128624}, "85": {"x": 0.3412381780628329, "y": 0.1501336257109573}, "94": {"x": 0.4122730731601261, "y": 0.5966353731241005}, "111": {"x": 0.19166757256223502, "y": 0.4433152881518536}, "112": {"x": 0.125567996521361, "y": 0.3344685808264236}, "115": {"x": 0.02599902163278617, "y": 0.0387521414376756}, "117": {"x": 0.25437004022176324, "y": 0.1634893442061262}, "123": {"x": 0.2964017828024786, "y": 0.35977523470156925}, "130": {"x": 0.10552777475812589, "y": 0.4907215788391695}, "132": {"x": 0.3249266224589629, "y": 0.6176728568491743}, "15": {"x": 0.5650070659854333, "y": 0.4511546631946824}, "21": {"x": 0.42380693553647136, "y": 0.6557047899677928}, "39": {"x": 0.608544407000761, "y": 0.5791338312889742}, "49": {"x": 0.6199043374279813, "y": 0.30868224491194407}, "56": {"x": 0.524040656593108, "y": 0.2779072157883917}, "73": {"x": 0.461240352212197, "y": 0.44937983964914685}, "122": {"x": 0.22650831612131755, "y": 0.3731583635989858}, "156": {"x": 0.6283835199478204, "y": 0.3783937504282876}, "6": {"x": 0.43676486574627676, "y": 0.39833481806345505}, "7": {"x": 0.4837264920100011, "y": 0.4972589597752347}, "46": {"x": 0.4507718230242418, "y": 0.5942164051257453}, "105": {"x": 0.27757364930970757, "y": 0.4381278695264853}, "14": {"x": 0.5184965757147516, "y": 0.49732748578085384}, "30": {"x": 0.37385041852375256, "y": 0.5179401082710889}, "98": {"x": 0.5084085226655072, "y": 0.20782566984170492}, "27": {"x": 0.3556908359604305, "y": 0.3501199205098335}, "35": {"x": 0.33893901511033814, "y": 0.4182279174946893}, "51": {"x": 0.5683226437656267, "y": 0.2885630096621668}, "84": {"x": 0.5335906076747473, "y": 0.10558486945795931}, "96": {"x": 0.6338188933579737, "y": 0.1272048242307956}, "114": {"x": 0.43056310468529185, "y": 0.09656684711848146}, "139": {"x": 0.6806718121534949, "y": 0.7230864112930858}, "48": {"x": 0.5820741384933146, "y": 0.3568834372644418}, "157": {"x": 0.7386672464398304, "y": 0.4351401356814911}, "10": {"x": 0.7569301010979455, "y": 0.2670938121016926}, "16": {"x": 0.671703446026742, "y": 0.521085451929007}, "17": {"x": 0.6752907924774433, "y": 0.4634345234016309}, "43": {"x": 0.7332862267637786, "y": 0.3560885355992599}, "54": {"x": 0.5941406674638547, "y": 0.006281093675049682}, "97": {"x": 0.5947385585389716, "y": 0.48031933118618514}, "100": {"x": 0.6726274595064681, "y": 0.23696292743096006}, "121": {"x": 0.8494401565387542, "y": 0.16806002878092235}, "143": {"x": 0.97836721382759, "y": 0.032288083327622834}, "148": {"x": 0.8283509077073595, "y": 0.020819571027204824}, "104": {"x": 0.3728829220567453, "y": 0.27292537517988075}, "45": {"x": 0.6305033155777802, "y": 0.44691975604742007}, "102": {"x": 0.67588868355256, "y": 0.32484067703693553}, "86": {"x": 0.5546255027720405, "y": 0.49665593092578636}, "24": {"x": 0.34211327318186757, "y": 0.804426779962996}, "33": {"x": 0.6266442004565714, "y": 0.5149112588227233}, "78": {"x": 0.986628981411023, "y": 0.7968889193448915}, "95": {"x": 0.7807913903685183, "y": 0.5475227848968683}, "113": {"x": 0.4107946515925644, "y": 0.8986500376893032}, "34": {"x": 0.8024785302750299, "y": 0.3831357500171315}, "118": {"x": 0.6542558973801501, "y": 0.5779140683889537}, "38": {"x": 0.6097945428850963, "y": 0.23227574864661138}, "42": {"x": 0.5639199913034025, "y": 0.19379839649146852}, "57": {"x": 0.526877921513208, "y": 0.7152059206468856}, "131": {"x": 0.8672681813240569, "y": 0.3002055780168574}, "136": {"x": 0.7339928253070986, "y": 0.1469129034468581}, "99": {"x": 0.46236003913468854, "y": 0.18000411156033716}, "25": {"x": 0.41175671268616154, "y": 0.4958473240594806}, "41": {"x": 0.26208283509077074, "y": 0.5873295415610225}, "74": {"x": 0.3279649961952386, "y": 0.7017748235455354}, "101": {"x": 0.2598978149798891, "y": 0.6659288700061673}, "142": {"x": 0.00967170344602674, "y": 0.39466867676283157}, "144": {"x": 0.01573540602239374, "y": 0.2225587610498184}, "58": {"x": 0.5919121643656919, "y": 0.6447543342698554}, "107": {"x": 0.26084900532666594, "y": 0.7719454532995272}, "119": {"x": 0.16706163713447114, "y": 0.6020215171657644}, "127": {"x": 0.22804652679639092, "y": 0.28051120400191876}, "62": {"x": 0.43818349820632674, "y": 0.7247310354279448}, "141": {"x": 0.28599304272203496, "y": 0.023912834920852465}, "80": {"x": 0.17945972388303078, "y": 0.7130130884670732}, "106": {"x": 0.08248179149907599, "y": 0.6630507777701639}, "140": {"x": 0.28413958038917275, "y": 0.8872747207565271}, "145": {"x": 0.0, "y": 0.5702665661618584}, "146": {"x": 0.010830525057071423, "y": 0.7796203659288701}, "53": {"x": 0.4005272312207849, "y": 0.19636812170218598}, "129": {"x": 0.5727252962278508, "y": 0.7121907763996437}, "110": {"x": 0.5568540058702033, "y": 0.7857191804289727}, "28": {"x": 0.6774649418415046, "y": 0.40121291029945866}, "59": {"x": 0.7274160234808131, "y": 0.49865003768930305}, "120": {"x": 0.6989890205457115, "y": 0.6392585486192011}, "67": {"x": 0.8829220567452984, "y": 0.5686356472281231}, "75": {"x": 0.9924991846939885, "y": 0.647310354279449}, "83": {"x": 0.8660180454397217, "y": 0.6934831768656206}, "92": {"x": 0.7796499619523862, "y": 0.6261700815459467}, "125": {"x": 0.851559952168714, "y": 0.8257383677105462}, "134": {"x": 0.8155777801934994, "y": 0.4803056259850613}, "151": {"x": 0.7591586041961084, "y": 0.7200712670458439}, "135": {"x": 0.7025220132623111, "y": 0.013453710683204279}, "147": {"x": 0.6625720186976846, "y": 0.8271774138285479}, "61": {"x": 0.46040330470703333, "y": 0.9960940176797094}, "82": {"x": 0.7420371779541255, "y": 0.8381415747276091},