{"positions_norm": {"0": {"x": 0.5146880678376742, "y": 0.4573407670214563}, "1": {"x": 0.5458163883360733, "y": 0.5327589119783748}, "3": {"x": 0.473825387211214, "y": 0.46768035141071124}, "6": {"x": 0.5143635891667387, "y": 0.4857577293461733}, "7": {"x": 0.4885999826944708, "y": 0.4686602466632877}, "8": {"x": 0.4459202215107727, "y": 0.5653995607366109}, "9": {"x": 0.5088041879380462, "y": 0.5891535732387227}, "10": {"x": 0.4857662023016353, "y": 0.6510897110998479}, "11": {"x": 0.4258674396469672, "y": 0.6057104240581179}, "13": {"x": 0.45444319460067495, "y": 0.6107788477783409}, "15": {"x": 0.47499351042658133, "y": 0.6069268457509714}, "17": {"x": 0.49876698105044553, "y": 0.4411218111167427}, "23": {"x": 0.5152937613567534, "y": 0.6908261530663964}, "27": {"x": 0.5096910963052694, "y": 0.5313735428281804}, "29": {"x": 0.5454702777537422, "y": 0.4847440446021287}, "30": {"x": 0.3871679501600761, "y": 0.6068592667680351}, "31": {"x": 0.4623604741714978, "y": 0.43270822774117246}, "32": {"x": 0.5076360647226789, "y": 0.3089947626288225}, "37": {"x": 0.5017089210002597, "y": 0.4729853015712113}, "40": {"x": 0.45660638574024404, "y": 0.4661598242946443}, "41": {"x": 0.5367093536384875, "y": 0.7788815678324041}, "42": {"x": 0.6919615817253613, "y": 0.37310356479134993}, "46": {"x": 0.4529722246257679, "y": 0.4980571042405812}, "47": {"x": 0.46039197023448997, "y": 0.5297854367291772}, "48": {"x": 0.5332698797265726, "y": 0.39287041730021965}, "50": {"x": 0.5288353378904559, "y": 0.44291265416455483}, "51": {"x": 0.4081292723025006, "y": 0.47754688291941205}, "52": {"x": 0.6030544258890715, "y": 0.5452272343301233}, "54": {"x": 0.5192307692307693, "y": 0.5082615306639635}, "60": {"x": 0.46696807129877993, "y": 0.5647913498901842}, "61": {"x": 0.46419918664013154, "y": 0.3113532691332996}, "67": {"x": 0.49128233970753654, "y": 0.5932083122149011}, "74": {"x": 0.37881803236133943, "y": 0.503970265247508}, "75": {"x": 0.5458163883360733, "y": 0.4576786619361379}, "76": {"x": 0.4936185861382712, "y": 0.52863659401926}, "78": {"x": 0.4112442675434801, "y": 0.5214732218280115}, "81": {"x": 0.5622782729081942, "y": 0.39553978712620375}, "82": {"x": 0.534502898676127, "y": 0.5645886129413753}, "84": {"x": 0.6599679847711344, "y": 0.2831424227065383}, "85": {"x": 0.43757030371203604, "y": 0.20182125359013345}, "86": {"x": 0.4386518992818206, "y": 0.6609224531170805}, "89": {"x": 0.4326165960024228, "y": 0.4980908937320493}, "91": {"x": 0.310958726313057, "y": 0.28082108464267613}, "94": {"x": 0.5919139915202908, "y": 0.7899645210339584}, "99": {"x": 0.36858613827117764, "y": 0.019602973475249197}, "122": {"x": 0.36451933892878774, "y": 0.20726136171650617}, "132": {"x": 0.7431859479103573, "y": 0.028792025680013513}, "133": {"x": 0.561521156009345, "y": 0.6879202568001352}, "136": {"x": 0.31535000432638227, "y": 0.4020273694880892}, "140": {"x": 0.5971056502552565, "y": 0.0}, "152": {"x": 0.5694384355801678, "y": 0.5319817536746072}, "2": {"x": 0.48120186899714457, "y": 0.43696570366615983}, "19": {"x": 0.5578220991606818, "y": 0.506166582192938}, "20": {"x": 0.585878688240893, "y": 0.5053556343977023}, "21": {"x": 0.5092151942545643, "y": 0.38019935799966215}, "26": {"x": 0.589447953621182, "y": 0.41574590302415954}, "36": {"x": 0.5290300250930172, "y": 0.4766683561412401}, "44": {"x": 0.435255689192697, "y": 0.46474066565298194}, "53": {"x": 0.5554425889071558, "y": 0.33846933603649265}, "80": {"x": 0.47045080903348624, "y": 0.005352593343470181}, "83": {"x": 0.49206108851778135, "y": 0.4064875823618855}, "119": {"x": 0.5693735398459807, "y": 0.6196992735259335}, "126": {"x": 0.7981093709440166, "y": 0.7232302753843555}, "134": {"x": 0.6547979579475642, "y": 0.45176550092921103}, "151": {"x": 0.5142121657869689, "y": 0.4218955904713634}, "153": {"x": 0.6943194600674915, "y": 0.6788308835952019}, "55": {"x": 0.5018603443800294, "y": 0.5028214225375908}, "4": {"x": 0.5495803409189236, "y": 0.23279608041898972}, "22": {"x": 0.5007138530760578, "y": 0.5586754519344485}, "35": {"x": 0.4394522800034611, "y": 0.5301233316438588}, "38": {"x": 0.4182097430128926, "y": 0.3871937827335699}, "57": {"x": 0.41691182832915114, "y": 0.5602635580334515}, "64": {"x": 0.575517002682357, "y": 0.5672579827673593}, "125": {"x": 0.380526953361599, "y": 0.3304747423551275}, "71": {"x": 0.5070520031149952, "y": 0.6291941206284846}, "58": {"x": 0.4652807822099161, "y": 0.6905220476431829}, "5": {"x": 0.4776758674396469, "y": 0.5282649096131103}, "28": {"x": 0.4704291771220904, "y": 0.3988173677986146}, "72": {"x": 0.4840572813013757, "y": 0.3598918736273019}, "16": {"x": 0.44899195292896077, "y": 0.37641493495522893}, "14": {"x": 0.5270182573332179, "y": 0.5342456496029735}, "24": {"x": 0.535757549537077, "y": 0.5068423720223011}, "43": {"x": 0.3655144068529895, "y": 0.45666497719209326}, "101": {"x": 0.5298087739032621, "y": 0.3389423889170468}, "120": {"x": 0.5374015748031497, "y": 0.640547389761784}, "25": {"x": 0.48420870468114563, "y": 0.5595877682040885}, "68": {"x": 0.03900017305529116, "y": 0.9481331305963845}, "97": {"x": 0.33873410054512415, "y": 0.6748099341104916}, "107": {"x": 0.2218352513628104, "y": 0.7407670214563271}, "139": {"x": 0.003294107467335814, "y": 0.666734245649603}, "12": {"x": 0.5176516396988837, "y": 0.5616151376921777}, "49": {"x": 0.4022453924028727, "y": 0.6807230951174185}, "62": {"x": 0.48559314701046985, "y": 0.7724615644534549}, "124": {"x": 0.5127844596348533, "y": 0.8868389930731542}, "90": {"x": 0.45963485333564075, "y": 0.9876330461226559}, "102": {"x": 0.3731504715756684, "y": 0.5531001858422031}, "96": {"x": 0.37191745262611403, "y": 0.9783071464774455}, "98": {"x": 0.430150558103314, "y": 0.7862476769724616}, "63": {"x": 0.4865449511118802, "y": 0.4982598411893901}, "70": {"x": 0.5891451068616422, "y": 0.4640310863321507}, "56": {"x": 0.4704075452106948, "y": 0.49815847271498565}, "87": {"x": 0.42407199100112486, "y": 0.31179929042067916}, "123": {"x": 0.4404257160162672, "y": 0.427741172495354}, "150": {"x": 0.24433243921432896, "y": 0.04427437067072141}, "73": {"x": 0.5543177295145799, "y": 0.5634059807399899}, "65": {"x": 0.7049623604741715, "y": 0.4856563608717689}, "110": {"x": 0.7759799255862248, "y": 0.24117925325223855}, "93": {"x": 0.3747296011075538, "y": 0.3971616827166751}, "79": {"x": 0.4085835424418101, "y": 0.43625612434532857}, "33": {"x": 0.5254391278013325, "y": 0.601554316607535}, "45": {"x": 0.5656095872631305, "y": 0.4414259165399561}, "103": {"x": 0.6183049234230337, "y": 0.4373373880723095}, "34": {"x": 0.6167041619797525, "y": 0.4908261530663963}, "106": {"x": 0.5252444405987713, "y": 0.13352931238384863}, "149": {"x": 0.03530976897118629, "y": 0.05696232471701301}, "104": {"x": 0.6428138790343514, "y": 0.5336374387565467}, "92": {"x": 0.20255472873583108, "y": 0.2826254434870755}, "131": {"x": 0.7962706584753828, "y": 0.3972968406825477}, "69": {"x": 0.6338582677165354, "y": 0.17767190403784425}, "141": {"x": 0.5886692048109371, "y": 0.2844331812806217}, "127": {"x": 0.6377087479449683, "y": 0.6121980064200033}, "39": {"x": 0.31783767413688674, "y": 0.5989863152559554}, "121": {"x": 0.31731850826339014, "y": 0.5079912147322183}, "138": {"x": 0.4915635545556805, "y": 0.2344889339415442}, "130": {"x": 0.0, "y": 0.3534380807568846}, "95": {"x": 0.24095786103660122, "y": 0.4456158134820071}, "100": {"x": 0.2313965561997058, "y": 0.5908430478121304}, "128": {"x": 0.1369948948689106, "y": 0.5086670045615814}, "18": {"x": 0.5442805226269792, "y": 0.4245649602973475}, "109": {"x": 0.5979060309768971, "y": 0.5971616827166751}, "129": {"x": 0.6648567967465605, "y": 0.7736104071633721}, "137": {"x": 0.590702604482132, "y": 0.3549248183814834}, "105": {"x": 0.349874534913905, "y": 0.7846933603649265}, "135": {"x": 0.24900493207579819, "y": 0.9628991383679675}, "66": {"x": 0.697585878688241, "y": 0.5824632539280283}, "112": {"x": 0.9971013238729773, "y": 0.2908971109984795}, "111": {"x": 0.6271740070952669,