{"positions_norm": {"0": {"x": 0.37213615765623353, "y": 0.7731765033407573}, "1": {"x": 0.39532089788175784, "y": 0.6096116369710468}, "7": {"x": 0.42104542101380543, "y": 0.7779092427616927}, "11": {"x": 0.3499262303720097, "y": 0.6021366926503341}, "15": {"x": 0.3602276319949415, "y": 0.67331570155902}, "81": {"x": 0.3267256823690589, "y": 0.9700723830734966}, "2": {"x": 0.43495626514912006, "y": 0.6146645322939867}, "3": {"x": 0.5378859732321636, "y": 0.49906737193763917}, "8": {"x": 0.4366635051111814, "y": 1.0}, "18": {"x": 0.40722415428390774, "y": 0.6778814031180401}, "60": {"x": 0.4937875434713879, "y": 0.5742344097995545}, "67": {"x": 0.546158710085362, "y": 0.7662861915367484}, "40": {"x": 0.39170091685109076, "y": 0.8963669265033408}, "65": {"x": 0.5366213510380441, "y": 0.9948496659242763}, "101": {"x": 0.4870586995468437, "y": 0.6807280066815146}, "4": {"x": 0.41460638634208036, "y": 0.4242274498886414}, "86": {"x": 0.28427126146063864, "y": 0.5144000556792874}, "6": {"x": 0.3244651701970703, "y": 0.48209214922049}, "63": {"x": 0.5033459795552745, "y": 0.4919891425389755}, "59": {"x": 0.221382653598904, "y": 0.9627644766146993}, "39": {"x": 0.2983507218885025, "y": 0.6674832962138084}, "46": {"x": 0.3703709558436084, "y": 0.5018443763919822}, "52": {"x": 0.4791706186110233, "y": 0.5278048440979956}, "9": {"x": 0.5678680577510803, "y": 0.4712416481069043}, "10": {"x": 0.443439772368005, "y": 0.38736080178173715}, "12": {"x": 0.46851617662556644, "y": 0.4828159799554566}, "14": {"x": 0.7539782906523343, "y": 0.23521714922048997}, "16": {"x": 0.4672937085045843, "y": 0.2436247216035635}, "19": {"x": 0.299199072610391, "y": 0.42590478841870827}, "20": {"x": 0.5508483507218885, "y": 0.3745963251670379}, "21": {"x": 0.5733480872589314, "y": 0.5177408129175947}, "22": {"x": 0.6055432606175573, "y": 0.5448148663697104}, "23": {"x": 0.42190957951312047, "y": 0.5613446547884187}, "24": {"x": 0.565075350405733, "y": 0.6908407572383074}, "31": {"x": 0.5220255032142481, "y": 0.41551364142538977}, "32": {"x": 0.5123985667615133, "y": 0.6226614699331848}, "33": {"x": 0.5698176836336811, "y": 0.5702185412026726}, "34": {"x": 0.5354094214353462, "y": 0.3115604120267261}, "35": {"x": 0.4729897776372642, "y": 0.6191815144766147}, "36": {"x": 0.638634208030351, "y": 0.3961372494432071}, "37": {"x": 0.512066603435557, "y": 0.36728145879732743}, "44": {"x": 0.447823795974286, "y": 0.6795030623608017}, "48": {"x": 0.45555906839498367, "y": 0.43719376391982184}, "53": {"x": 0.6444830856781536, "y": 0.45594376391982183}, "55": {"x": 0.5603857097692064, "y": 0.42522967706013365}, "56": {"x": 0.35739277057645696, "y": 0.4487472160356348}, "57": {"x": 0.4921224575824639, "y": 0.3073009465478842}, "58": {"x": 0.6994941511223522, "y": 0.543951837416481}, "61": {"x": 0.6002740014753926, "y": 0.43848830734966593}, "62": {"x": 0.4218885024765518, "y": 0.21637667037861916}, "69": {"x": 0.39601644008852355, "y": 0.46098273942093543}, "72": {"x": 0.4939614290230794, "y": 0.4501391982182628}, "74": {"x": 0.5796711982295288, "y": 0.31808880846325166}, "77": {"x": 0.6459057856465381, "y": 0.5145670935412027}, "80": {"x": 0.5311413215301929, "y": 0.5805261692650334}, "82": {"x": 0.4741332068711139, "y": 0.3619849665924276}, "83": {"x": 0.5919485720307726, "y": 0.384228841870824}, "84": {"x": 0.5603857097692064, "y": 0.23918429844098}, "85": {"x": 0.7905996416903784, "y": 0.5746380846325168}, "87": {"x": 0.7873853936136579, "y": 0.6605094654788419}, "88": {"x": 0.44518389714406154, "y": 0.5202672605790646}, "89": {"x": 0.7674149014648541, "y": 0.43099944320712696}, "90": {"x": 0.4094688586784698, "y": 0.5116230512249443}, "91": {"x": 0.5805142796922753, "y": 0.14449471046770604}, "93": {"x": 0.7686795236589735, "y": 0.5050389755011135}, "94": {"x": 0.4047265254505217, "y": 0.3726336302895323}, "96": {"x": 0.5992201496469597, "y": 0.6632029510022271}, "97": {"x": 0.3873853936136579, "y": 0.11269487750556792}, "99": {"x": 0.3384181684055222, "y": 0.5415854677060133}, "102": {"x": 0.5305617030245549, "y": 0.45808741648106904}, "105": {"x": 1.0, "y": 0.5372912026726058}, "107": {"x": 0.6998629992623038, "y": 0.6119362472160357}, "108": {"x": 0.8570449994730741, "y": 0.4549206570155902}, "110": {"x": 0.5257666772051849, "y": 0.6797396993318485}, "111": {"x": 0.6987037622510275, "y": 0.47827811804008913}, "112": {"x": 0.9758667931288861, "y": 0.7455456570155903}, "115": {"x": 0.6003266940668142, "y": 0.602679565701559}, "116": {"x": 0.6133944567393824, "y": 0.23218958797327396}, "117": {"x": 0.48546738328591005, "y": 0.1462834075723831}, "120": {"x": 0.901148698492992, "y": 0.6229329064587973}, "121": {"x": 0.515649699652229, "y": 0.22888363028953232}, "123": {"x": 0.6895879439350827, "y": 0.3358157015590201}, "124": {"x": 0.6430076931183476, "y": 0.639233017817372}, "125": {"x": 0.8657919696490674, "y": 0.2567650334075724}, "131": {"x": 0.6973864474654864, "y": 0.41072522271714923}, "132": {"x": 0.697597217831173, "y": 0.6959214922048997}, "134": {"x": 0.6004320792496575, "y": 0.765520601336303}, "142": {"x": 0.6054905680261355, "y": 0.4901447661469933}, "41": {"x": 0.46358415006850034, "y": 0.7570295100222718}, "49": {"x": 0.4837970281378438, "y": 0.850988307349666}, "75": {"x": 0.2924544209084203, "y": 0.5902004454342985}, "71": {"x": 0.5053535672884393, "y": 0.7566815144766148}, "68": {"x": 0.5570660765096428, "y": 0.6235175389755011}, "76": {"x": 0.6777848034566339, "y": 0.8099248329621381}, "5": {"x": 0.3617451786278849, "y": 0.3978215478841871}, "13": {"x": 0.21008009273896092, "y": 0.25715478841870826}, "17": {"x": 0.40299820845189166, "y": 0.3064309576837416}, "26": {"x": 0.30021603962482873, "y": 0.3465966035634744}, "45": {"x": 0.22696806828959848, "y": 0.46452533407572383}, "50": {"x": 0.6276741490146486, "y": 0.3261553452115813}, "104": {"x": 0.48399199072610394, "y": 0.4080734966592428}, "25": {"x": 0.4457266308357045, "y": 0.3174484966592428}, "47": {"x": 0.45805669722836967, "y": 0.5679148106904232}, "129": {"x": 0.9983138370745073, "y": 0.3375835189309577}, "54": {"x": 0.22545052165665508, "y": 0.38046353006681516}, "64": {"x": 0.3562493413426073, "y": 0.32561943207126953}, "128": {"x": 0.3013489303403941, "y": 0.2296074610244989}, "70": {"x": 0.7890715565391506, "y": 0.7770740534521159}, "95": {"x": 0.5798819685952156, "y": 0.8541202672605791}, "127": {"x": 0.7789545789861946, "y": 0.34864977728285085}, "137": {"x": 0.7889661713563073, "y": 0.03442859131403118}, "79": {"x": 0.5341447992412267, "y": 0.0043589922048997785}, "122": {"x": 0.02416113394456739, "y": 0.24719515590200447}, "27": {"x": 0.67125092212035, "y": 0.2347021158129176}, "28": {"x": 0.6440615449467805, "y": 0.5748399220489978}, "136": {"x": 0.635788808093582, "y": 0.7145740534521159}, "118": {"x": 0.6372115080619665, "y": 0.0}, "92": {"x": 0.4370165454737064, "y": 0.001496380846325166}, "42": {"x": 0.5442617767941828, "y": 0.5400821269487751}, "98": {"x": 0.31497523448203185, "y": 0.011537444320712693}, "133": {"x": 0.2152492359574244, "y": 0.06840896436525613}, "100": {"x": 0.14793971967541364, "y": 0.5235732182628062}, "113": {"x": 0.959215934239646, "y": 0.9552477728285078}, "126": {"x": 0.9719675413636842, "y": 0.06201976614699332}, "106": {"x": 0.5122721045421014, "y": 0.535168429844098}, "135": {"x": 0.4331541785224997, "y": 0.4731834632516704}, "30": {"x": 0.13265886816313627, "y": 0.3671353006681515}, "29": {"x": 0.0, "y": 0.4377087973273942}, "73": {"x": 0.3643429233849721, "y": 0.2195782293986637}, "130": {"x": 0.2121509115818316, "y": 0.7696965478841872}, "66": {"x": 0.6452734745494784, "y": 0.9835746102449889}, "78": {"x": 0.04162714722310043, "y": 0.03838042873051225}, "38": {"x": 0.22786384234376647, "y": 0.5578925389755012}, "43": {"x": 0.3832806407419117, "y": 0.553918429844098}, "51": {"x": 0.30925281905364105, "y": 0.776934855233853}, "138": {"x": 0.6903783328064075, "y": 0.10141982182628062}, "103": {"x": 0.03633575719253873, "y": 0.9520462138084633},