{"positions_norm": {"0": {"x": 0.0, "y": 0.0}, "1": {"x": 0.05555555555555555, "y": 0.0}, "2": {"x": 0.1111111111111111, "y": 0.0}, "3": {"x": 0.16666666666666666, "y": 0.0}, "4": {"x": 0.2222222222222222, "y": 0.0}, "5": {"x": 0.2777777777777778, "y": 0.0}, "6": {"x": 0.3333333333333333, "y": 0.0}, "7": {"x": 0.3888888888888889, "y": 0.0}, "8": {"x": 0.4444444444444444, "y": 0.0}, "9": {"x": 0.5, "y": 0.0}, "10": {"x": 0.5555555555555556, "y": 0.0}, "11": {"x": 0.6111111111111112, "y": 0.0}, "12": {"x": 0.6666666666666666, "y": 0.0}, "13": {"x": 0.7222222222222222, "y": 0.0}, "14": {"x": 0.7777777777777778, "y": 0.0}, "15": {"x": 0.8333333333333334, "y": 0.0}, "16": {"x": 0.8888888888888888, "y": 0.0}, "17": {"x": 0.9444444444444444, "y": 0.0}, "18": {"x": 1.0, "y": 0.0}, "19": {"x": 0.0, "y": 0.058823529411764705}, "20": {"x": 0.05555555555555555, "y": 0.058823529411764705}, "21": {"x": 0.1111111111111111, "y": 0.058823529411764705}, "22": {"x": 0.16666666666666666, "y": 0.058823529411764705}, "23": {"x": 0.2222222222222222, "y": 0.058823529411764705}, "24": {"x": 0.2777777777777778, "y": 0.058823529411764705}, "25": {"x": 0.3333333333333333, "y": 0.058823529411764705}, "26": {"x": 0.3888888888888889, "y": 0.058823529411764705}, "27": {"x": 0.4444444444444444, "y": 0.058823529411764705}, "28": {"x": 0.5, "y": 0.058823529411764705}, "29": {"x": 0.5555555555555556, "y": 0.058823529411764705}, "30": {"x": 0.6111111111111112, "y": 0.058823529411764705}, "31": {"x": 0.6666666666666666, "y": 0.058823529411764705}, "32": {"x": 0.7222222222222222, "y": 0.058823529411764705}, "33": {"x": 0.7777777777777778, "y": 0.058823529411764705}, "34": {"x": 0.8333333333333334, "y": 0.058823529411764705}, "35": {"x": 0.8888888888888888, "y": 0.058823529411764705}, "36": {"x": 0.9444444444444444, "y": 0.058823529411764705}, "37": {"x": 1.0, "y": 0.058823529411764705}, "38": {"x": 0.0, "y": 0.11764705882352941}, "39": {"x": 0.05555555555555555, "y": 0.11764705882352941}, "40": {"x": 0.1111111111111111, "y": 0.11764705882352941}, "41": {"x": 0.16666666666666666, "y": 0.11764705882352941}, "42": {"x": 0.2222222222222222, "y": 0.11764705882352941}, "43": {"x": 0.2777777777777778, "y": 0.11764705882352941}, "44": {"x": 0.3333333333333333, "y": 0.11764705882352941}, "45": {"x": 0.3888888888888889, "y": 0.11764705882352941}, "46": {"x": 0.4444444444444444, "y": 0.11764705882352941}, "47": {"x": 0.5, "y": 0.11764705882352941}, "48": {"x": 0.5555555555555556, "y": 0.11764705882352941}, "49": {"x": 0.6111111111111112, "y": 0.11764705882352941}, "50": {"x": 0.6666666666666666, "y": 0.11764705882352941}, "51": {"x": 0.7222222222222222, "y": 0.11764705882352941}, "52": {"x": 0.7777777777777778, "y": 0.11764705882352941}, "53": {"x": 0.8333333333333334, "y": 0.11764705882352941}, "54": {"x": 0.8888888888888888, "y": 0.11764705882352941}, "55": {"x": 0.9444444444444444, "y": 0.11764705882352941}, "56": {"x": 1.0, "y": 0.11764705882352941}, "57": {"x": 0.0, "y": 0.17647058823529413}, "58": {"x": 0.05555555555555555, "y": 0.17647058823529413}, "59": {"x": 0.1111111111111111, "y": 0.17647058823529413}, "60": {"x": 0.16666666666666666, "y": 0.17647058823529413}, "61": {"x": 0.2222222222222222, "y": 0.17647058823529413}, "62": {"x": 0.2777777777777778, "y": 0.17647058823529413}, "63": {"x": 0.3333333333333333, "y": 0.17647058823529413}, "64": {"x": 0.3888888888888889, "y": 0.17647058823529413}, "65": {"x": 0.4444444444444444, "y": 0.17647058823529413}, "66": {"x": 0.5, "y": 0.17647058823529413}, "67": {"x": 0.5555555555555556, "y": 0.17647058823529413}, "68": {"x": 0.6111111111111112, "y": 0.17647058823529413}, "69": {"x": 0.6666666666666666, "y": 0.17647058823529413}, "70": {"x": 0.7222222222222222, "y": 0.17647058823529413}, "71": {"x": 0.7777777777777778, "y": 0.17647058823529413}, "72": {"x": 0.8333333333333334, "y": 0.17647058823529413}, "73": {"x": 0.8888888888888888, "y": 0.17647058823529413}, "74": {"x": 0.9444444444444444, "y": 0.17647058823529413}, "75": {"x": 1.0, "y": 0.17647058823529413}, "76": {"x": 0.0, "y": 0.23529411764705882}, "77": {"x": 0.05555555555555555, "y": 0.23529411764705882}, "78": {"x": 0.1111111111111111, "y": 0.23529411764705882}, "79": {"x": 0.16666666666666666, "y": 0.23529411764705882}, "80": {"x": 0.2222222222222222, "y": 0.23529411764705882}, "81": {"x": 0.2777777777777778, "y": 0.23529411764705882}, "82": {"x": 0.3333333333333333, "y": 0.23529411764705882}, "83": {"x": 0.3888888888888889, "y": 0.23529411764705882}, "84": {"x": 0.4444444444444444, "y": 0.23529411764705882}, "85": {"x": 0.5, "y": 0.23529411764705882}, "86": {"x": 0.5555555555555556, "y": 0.23529411764705882}, "87": {"x": 0.6111111111111112, "y": 0.23529411764705882}, "88": {"x": 0.6666666666666666, "y": 0.23529411764705882}, "89": {"x": 0.7222222222222222, "y": 0.23529411764705882}, "90": {"x": 0.7777777777777778, "y": 0.23529411764705882}, "91": {"x": 0.8333333333333334, "y": 0.23529411764705882}, "92": {"x": 0.8888888888888888, "y": 0.23529411764705882}, "93": {"x": 0.9444444444444444, "y": 0.23529411764705882}, "94": {"x": 1.0, "y": 0.23529411764705882}, "95": {"x": 0.0, "y": 0.29411764705882354}, "96": {"x": 0.05555555555555555, "y": 0.29411764705882354}, "97": {"x": 0.1111111111111111, "y": 0.29411764705882354}, "98": {"x": 0.16666666666666666, "y": 0.29411764705882354}, "99": {"x": 0.2222222222222222, "y": 0.29411764705882354}, "100": {"x": 0.2777777777777778, "y": 0.29411764705882354}, "101": {"x": 0.3333333333333333, "y": 0.29411764705882354}, "102": {"x": 0.3888888888888889, "y": 0.29411764705882354}, "103": {"x": 0.4444444444444444, "y": 0.29411764705882354}, "104": {"x": 0.5, "y": 0.29411764705882354}, "105": {"x": 0.5555555555555556, "y": 0.29411764705882354}, "106": {"x": 0.6111111111111112, "y": 0.29411764705882354}, "107": {"x": 0.6666666666666666, "y": 0.29411764705882354}, "108": {"x": 0.7222222222222222, "y": 0.29411764705882354}, "109": {"x": 0.7777777777777778, "y": 0.29411764705882354}, "110": {"x": 0.8333333333333334, "y": 0.29411764705882354}, "111": {"x": 0.8888888888888888, "y": 0.29411764705882354}, "112": {"x": 0.9444444444444444, "y": 0.29411764705882354}, "113": {"x": 1.0, "y": 0.29411764705882354}, "114": {"x": 0.0, "y": 0.35294117647058826}, "115": {"x": 0.05555555555555555, "y": 0.35294117647058826}, "116": {"x": 0.1111111111111111, "y": 0.35294117647058826}, "117": {"x": 0.16666666666666666, "y": 0.35294117647058826}, "118": {"x": 0.2222222222222222, "y": 0.35294117647058826}, "119": {"x": 0.2777777777777778, "y": 0.35294117647058826}, "120": {"x": 0.3333333333333333, "y": 0.35294117647058826}, "121": {"x": 0.3888888888888889, "y": 0.35294117647058826}, "122": {"x": 0.4444444444444444, "y": 0.35294117647058826}, "123": {"x": 0.5, "y": 0.35294117647058826}, "124": {"x": 0.5555555555555556, "y": 0.35294117647058826}, "125": {"x": 0.6111111111111112, "y": 0.35294117647058826}, "126": {"x": 0.6666666666666666, "y": 0.35294117647058826}, "127": {"x": 0.7222222222222222, "y": 0.35294117647058826}, "128": {"x": 0.7777777777777778, "y": 0.35294117647058826}, "129": {"x": 0.8333333333333334, "y": 0.35294117647058826}, "130": {"x": 0.8888888888888888, "y": 0.35294117647058826}, "131": {"x": 0.9444444444444444, "y": 0.35294117647058826}, "132": {"x": 1.0, "y": 0.35294117647058826}, "133": {"x": 0.0, "y": 0.4117647058823529}, "134": {"x": 0.05555555555555555, "y": 0.4117647058823529}, "135": {"x": 0.1111111111111111, "y": 0.4117647058823529}, "136": {"x": 0.16666666666666666, "y": 0.4117647058823529}, "137": {"x": 0.2222222222222222, "y": 0.4117647058823529}, "138": {"x": 0.2777777777777778, "y": 0.4117647058823529}, "139": {"x": 0.3333333333333333, "y": 0.4117647058823529}, "140": {"x": 0.3888888888888889, "y": 0.4117647058823529}, "141": {"x": 0.4444444444444444, "y": 0.4117647058823529}, "142": {"x": 0.5, "y": 0.4117647058823529}, "143": {"x": 0.5555555555555556, "y": 0.4117647058823529}, "144": {"x": 0.6111111111111112, "y": 0.4117647058823529},