{"positions_norm": {"0": {"x": 0.014260898740707259, "y": 0.8138654134197099}, "1": {"x": 0.3374898423257325, "y": 0.16070947924417725}, "2": {"x": 0.3664036201648237, "y": 0.578273328954178}, "3": {"x": 0.030613563714592895, "y": 0.44910578303960874}, "4": {"x": 0.6334713471551029, "y": 0.362609068072861}, "5": {"x": 0.3392226820363422, "y": 0.26715202244127384}, "6": {"x": 0.8183697045891482, "y": 0.7128840694167874}, "7": {"x": 0.4654284001461518, "y": 0.4356534976959601}, "8": {"x": 0.5878846521037461, "y": 0.953057838701952}, "9": {"x": 0.7545604093876445, "y": 0.49291007032427375}, "10": {"x": 0.6887553349893302, "y": 0.38491427615533447}, "11": {"x": 0.529714755784575, "y": 0.06453476632601755}, "12": {"x": 0.6354162018108158, "y": 0.1797090645248407}, "13": {"x": 0.49589783757355116, "y": 0.21087492059960908}, "14": {"x": 0.5993777039360024, "y": 0.4775991337611497}, "15": {"x": 0.5226905537751493, "y": 0.8000576231373233}, "16": {"x": 0.7404380094664644, "y": 0.38634720154152186}, "17": {"x": 0.41272071911563163, "y": 0.8345868208254025}, "18": {"x": 0.5303161352892339, "y": 0.7505566210826301}, "19": {"x": 0.562416578649726, "y": 0.5134000982900415}, "20": {"x": 0.5392704699371244, "y": 0.6290028151712106}, "21": {"x": 0.6170827983608339, "y": 0.995640414514712}, "22": {"x": 0.5253692982898551, "y": 0.24074951623999005}, "23": {"x": 0.44751518623828873, "y": 0.9245892327227873}, "24": {"x": 0.37013856694380204, "y": 0.7730899548594612}, "25": {"x": 0.4202633758518869, "y": 0.36691042911681426}, "26": {"x": 0.6520439352548786, "y": 0.6903255787392336}, "27": {"x": 0.7704744963812127, "y": 0.9032875389282382}, "28": {"x": 0.35528835268941467, "y": 0.3953216132003523}, "29": {"x": 0.14337937539356593, "y": 0.03670462980251371}, "30": {"x": 0.291196142799034, "y": 0.12622743151793284}, "31": {"x": 0.727324460216314, "y": 0.06491919988421836}, "32": {"x": 0.3081344519017319, "y": 0.36649107861342656}, "33": {"x": 0.8046207200470104, "y": 0.926940239013358}, "34": {"x": 0.3533070138083426, "y": 0.4846627194422158}, "35": {"x": 0.645637962393399, "y": 0.052016564594307896}, "36": {"x": 0.16625441969775395, "y": 0.3211026187976789}, "37": {"x": 0.05204626279936991, "y": 0.5605453014952024}, "38": {"x": 0.04414945908697937, "y": 0.7399268497193819}, "39": {"x": 0.2893085538761096, "y": 0.21523851039735367}, "40": {"x": 0.6986428783755885, "y": 0.9781197501718543}, "41": {"x": 0.8768804291527531, "y": 0.6957399042377282}, "42": {"x": 0.5453747817632322, "y": 0.4100225160239917}, "43": {"x": 0.4460238657239899, "y": 0.8503413132719325}, "44": {"x": 0.432831796819008, "y": 0.7102390880148249}, "45": {"x": 0.39283742987100173, "y": 0.16304913456094725}, "46": {"x": 0.6174122465630476, "y": 0.7679978953143116}, "47": {"x": 0.7563886475071468, "y": 0.5341240576416552}, "48": {"x": 0.11635084515836393, "y": 0.2746715313476827}, "49": {"x": 0.5648623636604675, "y": 0.6663232940762601}, "50": {"x": 0.7639166395379327, "y": 0.23074454176287348}, "51": {"x": 0.02289573594263743, "y": 0.12278406184923382}, "52": {"x": 0.016528224405224872, "y": 0.9116377704467145}, "53": {"x": 0.33491781258059256, "y": 0.4601282236069112}, "54": {"x": 0.5151932023376748, "y": 0.37271935588321614}, "55": {"x": 0.5683580885655912, "y": 0.2702440256368551}, "56": {"x": 0.06754652575819241, "y": 0.257428783741041}, "57": {"x": 0.6280916137633533, "y": 0.7091953736742198}, "58": {"x": 0.5049717334038333, "y": 0.5094372279633785}, "59": {"x": 0.08986267290243696, "y": 0.1132245886991632}, "60": {"x": 0.4675836441030165, "y": 0.6149803952899119}, "61": {"x": 0.47012666519436086, "y": 0.2854395501964445}, "62": {"x": 0.07038782424632592, "y": 0.8866951515759466}, "63": {"x": 0.7672904895360684, "y": 0.18588631157038774}, "64": {"x": 0.13625856499692887, "y": 0.7239476305212063}, "65": {"x": 0.737467141250784, "y": 0.28666768374602747}, "66": {"x": 0.8694498062030088, "y": 0.16387281943735846}, "67": {"x": 0.16553051555675352, "y": 0.5641705389117933}, "68": {"x": 0.5557833761512542, "y": 0.12594558879869083}, "69": {"x": 0.3486242655710327, "y": 0.6160808093846584}, "70": {"x": 0.6317185804168796, "y": 0.8440345217481829}, "71": {"x": 0.2015255127783672, "y": 0.10932748940725079}, "72": {"x": 0.8459667639670406, "y": 0.3776808448547044}, "73": {"x": 0.6335505547955786, "y": 0.1310229111204206}, "74": {"x": 0.8170195726768733, "y": 0.6105265336730438}, "75": {"x": 0.13760018876628127, "y": 0.13422750220646815}, "76": {"x": 0.13360381307197197, "y": 0.8282505673761149}, "77": {"x": 0.26515287842249435, "y": 0.6690732680017977}, "78": {"x": 0.46682986892006484, "y": 0.1589052342135299}, "79": {"x": 0.8185758630699178, "y": 0.41205876776292627}, "80": {"x": 0.6604040889485165, "y": 0.48350652014583956}, "81": {"x": 0.6220468352232679, "y": 0.6211346132948193}, "82": {"x": 0.9456325005086877, "y": 0.8122222339499348}, "83": {"x": 0.36131793631155185, "y": 0.514776501443524}, "84": {"x": 0.6479213170710855, "y": 0.8961579488150302}, "85": {"x": 0.7732188834245174, "y": 0.8559568220412598}, "86": {"x": 0.4537943663427364, "y": 0.2439571530636451}, "87": {"x": 0.7042309824003329, "y": 0.6632557534454119}, "88": {"x": 0.5560575589717526, "y": 0.572114917619579}, "89": {"x": 0.5654980387560484, "y": 0.009735308647588137}, "90": {"x": 0.58915554657765, "y": 0.38376811474087874}, "91": {"x": 0.9412861529185441, "y": 0.4343214609935637}, "92": {"x": 0.8071425162407866, "y": 0.1394488687189992}, "93": {"x": 0.43524801563175597, "y": 0.19205253041539516}, "94": {"x": 0.8071551607103644, "y": 0.7959419258064137}, "95": {"x": 0.7533688295884731, "y": 0.6176546650006847}, "96": {"x": 0.4015646171088081, "y": 0.7433070984825638}, "97": {"x": 0.601650214198696, "y": 0.040407449720997}, "98": {"x": 0.05517474033431867, "y": 0.3601701792575503}, "99": {"x": 0.8092961726702553, "y": 0.021539656257027653}, "100": {"x": 0.6605518349381142, "y": 0.0857217912916624}, "101": {"x": 0.7584507247150829, "y": 0.8015604732230563}, "102": {"x": 0.14715453661448963, "y": 0.7768142335845162}, "103": {"x": 0.9068320691486021, "y": 0.6146758135523017}, "104": {"x": 0.6109115642754351, "y": 0.10605622823152144}, "105": {"x": 0.31937290186167094, "y": 0.968817142408322}, "106": {"x": 0.4214060296541969, "y": 0.3940926472896027}, "107": {"x": 0.03173714281048548, "y": 0.1864508854424993}, "108": {"x": 0.2792810254487681, "y": 0.6389468157248075}, "109": {"x": 0.011180331468131388, "y": 0.2506485523885562}, "110": {"x": 0.3398949888330122, "y": 0.8111421533468292}, "111": {"x": 0.12753059279546108, "y": 0.9781442318301233}, "112": {"x": 0.21979777084133623, "y": 0.33168437987347305}, "113": {"x": 0.7167133393477442, "y": 0.23643723483408535}, "114": {"x": 0.8679613907770565, "y": 0.42734789117624683}, "115": {"x": 0.4816496116264827, "y": 0.8350989769947569}, "116": {"x": 0.16333228487774948, "y": 0.8396672795307779}, "117": {"x": 0.02920093334185222, "y": 0.6437177171130253}, "118": {"x": 0.43755216735410746, "y": 0.0}, "119": {"x": 0.28372346900408935, "y": 0.7066599521750353}, "120": {"x": 0.2001719325795091, "y": 0.7928877027759856}, "121": {"x": 0.7089244304455671, "y": 0.5346214486877761}, "122": {"x": 0.0742266701704406, "y": 0.8074320396362155}, "123": {"x": 0.9161022999647108, "y": 0.7207853944236577}, "124": {"x": 0.24184630018789632, "y": 0.8644813908338846}, "125": {"x": 0.4248644456113506, "y": 0.4353976073621261}, "126": {"x": 0.06995556329626298, "y": 0.4652868948699008}, "127": {"x": 0.024146770821260544, "y": 0.7676211268240102}, "128": {"x": 0.1503538081396532, "y": 0.3932871198344908}, "129": {"x": 0.0700606429049171, "y": 0.9613554599525522}, "130": {"x": 0.6230556441390724, "y": 0.4286310769956649}, "131": {"x": 0.21532630940396885, "y": 0.6014636702942523}, "132": {"x": 0.06424459840265681, "y": 0.6292006073918831}, "133": {"x": 0.8985056022387805, "y": 0.3378930757880197}, "134": {"x": 0.5187671763701346, "y": 0.5499783874226053}, "135": {"x": 0.07522626229642725, "y": 0.21146809194949248},