{"positions_norm": {"0": {"x": 0.20939952014262847, "y": 0.6281260331593204}, "1": {"x": 0.8123999278800019, "y": 0.27755530279291496}, "2": {"x": 0.6679503673331333, "y": 0.5100562817866948}, "3": {"x": 0.103604355546943, "y": 0.8076165308206045}, "4": {"x": 0.6364339974776222, "y": 0.7530229900716193}, "5": {"x": 0.47296442107128317, "y": 0.6203643474141819}, "6": {"x": 0.8369157156364704, "y": 0.7665548243007536}, "7": {"x": 0.25554072068998074, "y": 0.6526074275455253}, "8": {"x": 0.6775087536045643, "y": 0.8605343144200996}, "9": {"x": 0.06838236909055939, "y": 0.8712628270411279}, "10": {"x": 0.29247606007480614, "y": 0.4648921931810678}, "11": {"x": 0.6555361934345174, "y": 0.9638958578405851}, "12": {"x": 0.31369924744642985, "y": 0.6256983985654657}, "13": {"x": 0.2751753139233059, "y": 0.3395639671173258}, "14": {"x": 0.6448910798760906, "y": 0.28262722050926004}, "15": {"x": 0.8624144776145417, "y": 0.6160607633416665}, "16": {"x": 0.913452193043328, "y": 0.9695350478065116}, "17": {"x": 0.12995761819880003, "y": 0.6193801979204141}, "18": {"x": 0.9290451854210593, "y": 0.27427010754684583}, "19": {"x": 0.13034248643795934, "y": 0.08894722806782149}, "20": {"x": 0.7514265627947867, "y": 0.8891822269518846}, "21": {"x": 0.7093116145149235, "y": 0.839298808583611}, "22": {"x": 0.9380962892960881, "y": 0.3716677821280794}, "23": {"x": 0.21660526727524332, "y": 0.3534912722501556}, "24": {"x": 0.7600539504866632, "y": 0.6733752902593407}, "25": {"x": 0.297413545618388, "y": 0.2540068841258278}, "26": {"x": 0.18919244981910946, "y": 0.7967755457707737}, "27": {"x": 0.40026520886791983, "y": 0.3023174697321615}, "28": {"x": 0.4949674305620839, "y": 0.5108230400768229}, "29": {"x": 0.07100807739795147, "y": 0.6054393215271903}, "30": {"x": 0.3008386690984926, "y": 0.09610873049664541}, "31": {"x": 0.7925580385741119, "y": 0.4656727742778967}, "32": {"x": 0.553758539846562, "y": 0.3151832880665254}, "33": {"x": 0.9886998499494933, "y": 0.4440321116473873}, "34": {"x": 0.34183012305618193, "y": 0.31746118518430727}, "35": {"x": 0.5893487662673849, "y": 0.28471094161492644}, "36": {"x": 0.3739849062570586, "y": 0.0635069609565454}, "37": {"x": 0.4581989247750396, "y": 0.8041395153838993}, "38": {"x": 0.2857027616152433, "y": 1.0}, "39": {"x": 0.6049922031166477, "y": 0.3675336827443797}, "40": {"x": 0.5757449281678003, "y": 0.14675810455046517}, "41": {"x": 0.10745727287372422, "y": 0.565873498695985}, "42": {"x": 0.6101008617001789, "y": 0.7980065537719829}, "43": {"x": 0.09107442793498736, "y": 0.7014433104008989}, "44": {"x": 0.15184405913476676, "y": 0.7481078017676943}, "45": {"x": 0.5100571382408855, "y": 0.9277009168535757}, "46": {"x": 0.6574677018210399, "y": 0.6364711497106638}, "47": {"x": 0.07014382279205418, "y": 0.3625046035168583}, "48": {"x": 0.8147858031859205, "y": 0.5073319183853664}, "49": {"x": 0.333234149431002, "y": 0.7264983990455428}, "50": {"x": 0.41246119258281555, "y": 0.3811033562149742}, "51": {"x": 0.9749553141051036, "y": 0.3677017830737122}, "52": {"x": 0.10089454908439412, "y": 0.3362491239677899}, "53": {"x": 0.21905672532442713, "y": 0.4938191319532012}, "54": {"x": 0.5938735598275012, "y": 0.5890325574156009}, "55": {"x": 0.5735289576410674, "y": 0.6325992313720791}, "56": {"x": 0.8411391550135663, "y": 0.333697307737599}, "57": {"x": 0.8469879648647141, "y": 0.03328702994047549}, "58": {"x": 0.9031641910547491, "y": 0.580111590750404}, "59": {"x": 0.8177456398544075, "y": 0.22621463761931754}, "60": {"x": 0.9890497337909487, "y": 0.7005953106636565}, "61": {"x": 0.994534305551952, "y": 0.2545935255265454}, "62": {"x": 0.899537647737602, "y": 0.5238904561462266}, "63": {"x": 0.6596043929264234, "y": 0.5916479672767632}, "64": {"x": 0.25274719915270755, "y": 0.7307020912172123}, "65": {"x": 0.7584596718322584, "y": 0.8343594336347862}, "66": {"x": 0.013415375355242733, "y": 0.964091994145815}, "67": {"x": 0.8175311312999223, "y": 0.8098818174333215}, "68": {"x": 0.6434037896423298, "y": 0.5576221445621455}, "69": {"x": 0.42430740433971303, "y": 0.5069364589535825}, "70": {"x": 0.5776487184347079, "y": 0.5614848066146966}, "71": {"x": 0.19453083970593074, "y": 0.8844558475358452}, "72": {"x": 0.3924673743573958, "y": 0.4227033760658031}, "73": {"x": 0.24285927781279124, "y": 0.01401467639250507}, "74": {"x": 0.9771959052693697, "y": 0.30130901715385144}, "75": {"x": 0.03739874262143327, "y": 0.697981620582272}, "76": {"x": 0.1693485778545834, "y": 0.20841740568761816}, "77": {"x": 0.6988573294016729, "y": 0.9650343953332969}, "78": {"x": 0.8419113536084382, "y": 0.66842905533692}, "79": {"x": 0.4311122252369242, "y": 0.8745870745640465}, "80": {"x": 0.47826081871480214, "y": 0.8904737838420805}, "81": {"x": 0.6155502573456216, "y": 0.17646397082399307}, "82": {"x": 0.13170790156343717, "y": 0.1520751592561251}, "83": {"x": 0.27089812142877484, "y": 0.15422962407498017}, "84": {"x": 0.7093977349622522, "y": 0.9094240584711125}, "85": {"x": 0.7038133786676732, "y": 0.7912170228120167}, "86": {"x": 0.6925143428540904, "y": 0.6431922585473332}, "87": {"x": 0.5663133480343501, "y": 0.1173292872912721}, "88": {"x": 0.33396139935748986, "y": 0.01096473849730152}, "89": {"x": 0.4901404331769587, "y": 0.6942669703785875}, "90": {"x": 0.18722137490840446, "y": 0.39288099260932785}, "91": {"x": 0.8432006169675008, "y": 0.48958833565528}, "92": {"x": 0.13974313132072913, "y": 0.9597139655273713}, "93": {"x": 0.5445806780026133, "y": 0.6856977071204551}, "94": {"x": 0.8807219786433326, "y": 0.8206975664577112}, "95": {"x": 0.8966518706356535, "y": 0.6543679951806884}, "96": {"x": 0.5629981752419742, "y": 0.3693228466751822}, "97": {"x": 0.7246817333546755, "y": 0.08613568618116528}, "98": {"x": 0.9835500249448008, "y": 0.4048468828222654}, "99": {"x": 0.3543224823417865, "y": 0.7632575823324819}, "100": {"x": 0.9008848155329242, "y": 0.209185487930796}, "101": {"x": 0.4136788397329011, "y": 0.6345461023345622}, "102": {"x": 0.7515831041579558, "y": 0.18060512190472497}, "103": {"x": 0.5242816577872885, "y": 0.5459800494996162}, "104": {"x": 0.1483637247942608, "y": 0.012703717973685514}, "105": {"x": 0.14237231939253328, "y": 0.7856880489972881}, "106": {"x": 0.7533164507143368, "y": 0.9540241362481681}, "107": {"x": 0.4076003267401297, "y": 0.9946047418591658}, "108": {"x": 0.29731688051855565, "y": 0.9438510018229802}, "109": {"x": 0.6810164136493944, "y": 0.14830515866750307}, "110": {"x": 0.5180791139290606, "y": 0.14422192364997052}, "111": {"x": 0.8600646906751851, "y": 0.5661634178309938}, "112": {"x": 0.46807936768787295, "y": 0.1486380950894824}, "113": {"x": 0.9543463778448453, "y": 0.6056999372779642}, "114": {"x": 0.4222305824836118, "y": 0.7840834969870975}, "115": {"x": 0.9495897923906855, "y": 0.7450135458514037}, "116": {"x": 0.2906611395910806, "y": 0.6964483794521319}, "117": {"x": 0.22004108718880533, "y": 0.1719808421967823}, "118": {"x": 0.05522235485551289, "y": 0.3948625398328361}, "119": {"x": 0.2973367145408086, "y": 0.18825942250470729}, "120": {"x": 0.7161146009359044, "y": 0.48223108267724674}, "121": {"x": 0.6102114221692533, "y": 0.8285977300448714}, "122": {"x": 0.7866970978590984, "y": 0.4131590300769273}, "123": {"x": 0.8602840746779998, "y": 0.5316037800474626}, "124": {"x": 0.5735559222184368, "y": 0.51351688992306}, "125": {"x": 0.4050711132674942, "y": 0.0014609260566069873}, "126": {"x": 0.07060303128718183, "y": 0.43255003282838755}, "127": {"x": 0.38522625857427156, "y": 0.47338154045553504}, "128": {"x": 0.5446692808743452, "y": 0.21045270024162974}, "129": {"x": 0.43013884181592305, "y": 0.07117277829117953}, "130": {"x": 0.013658959141392141, "y": 0.23541303465049024}, "131": {"x": 0.7407429539057501, "y": 0.2523248162487702}, "132": {"x": 0.6945414758552524, "y": 0.23714816119854143}, "133": {"x": 0.926650979117874, "y": 0.23411982090021033}, "134": {"x": 0.6732639249267341, "y": 0.3032366839338299}, "135": {"x": 0.12229388552632546, "y": 0.3072387498032559},